"","X","year","month","day","hour","TemperatureF","Dew_PointF","Humidity","Sea_Level_PressureIn","VisibilityMPH","Wind_Direction","Wind_SpeedMPH","Conditions","WindDirDegrees","Date","DayofWeek","Weekday","Peakhour","Temperature","newlm.fit"
"1",1,"2016","10","1","0",57.9,57,97,30.35,10,"NE",15,"Light Rain","50","10/1/2016","6","0","0",14.4,47.995154060431
"2",2,"2016","10","1","0",57.9,57,97,30.34,10,"NE",15,"Overcast","50","10/1/2016","6","0","0",14.4,51.004605721608
"3",3,"2016","10","1","0",57.9,57,97,30.34,6,"NE",18.4,"Light Rain","50","10/1/2016","6","0","0",14.4,48.0918181421823
"4",4,"2016","10","1","1",57.9,57,97,30.34,2.5,"NE",19.6,"Rain","50","10/1/2016","6","0","0",14.4,52.5666443183527
"5",5,"2016","10","1","1",57.9,57,97,30.34,3,"NE",18.4,"Light Rain","50","10/1/2016","6","0","0",14.4,48.2793319173818
"6",6,"2016","10","1","1",57.9,57,97,30.33,2.5,"NE",16.1,"Heavy Rain","50","10/1/2016","6","0","0",14.4,44.1747882435905
"7",7,"2016","10","1","2",57.9,57,97,30.33,4,"ENE",18.4,"Light Rain","60","10/1/2016","6","0","0",14.4,66.4483838994948
"8",8,"2016","10","1","2",57.9,57,97,30.33,4,"NE",17.3,"Light Rain","50","10/1/2016","6","0","0",14.4,49.9481568222023
"9",9,"2016","10","1","2",57.9,57,97,30.32,6,"NE",17.3,"Light Rain","50","10/1/2016","6","0","0",14.4,50.0362747562615
"10",10,"2016","10","1","2",57.9,57,97,30.31,5,"NE",16.1,"Light Rain","50","10/1/2016","6","0","0",14.4,50.1347686653214
"11",11,"2016","10","1","3",57,57,100,30.31,3,"NE",19.6,"Light Rain","50","10/1/2016","6","0","0",13.9,47.0010840094921
"12",12,"2016","10","1","3",57,57,100,30.3,4,"NE",18.4,"Light Rain","50","10/1/2016","6","0","0",13.9,47.0943441608241
"13",13,"2016","10","1","4",57,57,100,30.3,6,"NE",18.4,"Light Rain","50","10/1/2016","6","0","0",13.9,56.1770863309347
"14",14,"2016","10","1","4",57,57,100,30.3,2.5,"NE",15,"Light Rain","50","10/1/2016","6","0","0",13.9,56.1934005324501
"15",15,"2016","10","1","5",57,57,100,30.3,4,"NE",17.3,"Light Rain","50","10/1/2016","6","0","0",13.9,63.517835706643
"16",16,"2016","10","1","5",57,57,100,30.31,2.5,"NE",18.4,"Light Rain","50","10/1/2016","6","0","0",13.9,63.4260944396104
"17",17,"2016","10","1","6",57,57,100,30.31,3,"NE",16.1,"Light Rain","40","10/1/2016","6","0","0",13.9,148.563231875942
"18",18,"2016","10","1","6",57,57,100,30.31,2.5,"NE",13.8,"Light Rain","40","10/1/2016","6","0","0",13.9,148.569380547324
"19",19,"2016","10","1","6",57,57,100,30.31,3,"NE",17.3,"Light Rain","40","10/1/2016","6","0","0",13.9,148.560706537533
"20",20,"2016","10","1","6",57,57,100,30.3,4,"NE",15,"Light Rain","40","10/1/2016","6","0","0",13.9,148.656281582406
"21",21,"2016","10","1","7",55.9,55.9,100,30.31,2,"NE",13.8,"Heavy Rain","40","10/1/2016","6","0","1",13.3,198.629671644053
"22",22,"2016","10","1","7",55.9,55.9,100,30.31,2.5,"NE",12.7,"Heavy Rain","40","10/1/2016","6","0","1",13.3,198.630678098162
"23",23,"2016","10","1","8",55.9,55.9,100,30.31,4,"NNE",16.1,"Light Rain","30","10/1/2016","6","0","1",13.3,213.674764282571
"24",24,"2016","10","1","8",55.9,55.9,100,30.31,4,"NNE",15,"Heavy Rain","30","10/1/2016","6","0","1",13.3,209.473035139152
"25",25,"2016","10","1","8",55.9,55.9,100,30.31,2.5,"NNE",16.1,"Rain","30","10/1/2016","6","0","1",13.3,217.967218900814
"26",26,"2016","10","1","9",55.9,55.9,100,30.31,3,"NE",16.1,"Rain","40","10/1/2016","6","0","1",13.3,226.919935024282
"27",27,"2016","10","1","9",55.9,55.9,100,30.3,3,"NNE",16.1,"Light Rain","30","10/1/2016","6","0","1",13.3,219.257985120393
"28",28,"2016","10","1","10",57,55.9,96,30.29,8,"NNE",15,"Light Rain","30","10/1/2016","6","0","1",13.9,223.983599954296
"29",29,"2016","10","1","10",57,57,100,30.29,5,"NE",16.1,"Overcast","40","10/1/2016","6","0","1",13.9,227.609378144623
"30",30,"2016","10","1","11",57,57,100,30.29,5,"NNE",15,"Overcast","30","10/1/2016","6","0","1",13.9,221.926906833399
"31",31,"2016","10","1","11",57.9,57,97,30.28,2.5,"NNE",13.8,"Light Drizzle","30","10/1/2016","6","0","1",14.4,221.383331323444
"32",32,"2016","10","1","12",57.9,57.9,100,30.27,1.5,"NE",13.8,"Light Rain","40","10/1/2016","6","0","1",14.4,225.008183598058
"33",33,"2016","10","1","12",57.9,57.9,100,30.26,1.5,"NNE",16.1,"Light Drizzle","30","10/1/2016","6","0","1",14.4,220.806640070552
"34",34,"2016","10","1","13",57.9,57.9,100,30.24,1,"NNE",15,"Light Rain","20","10/1/2016","6","0","1",14.4,212.625745944238
"35",35,"2016","10","1","14",57,57,100,30.24,1,"NNE",16.1,"Light Rain","20","10/1/2016","6","0","1",13.9,192.324342106557
"36",36,"2016","10","1","15",55.9,55.9,100,30.24,1,"NNE",17.3,"Light Rain","20","10/1/2016","6","0","1",13.3,166.69015231409
"37",37,"2016","10","1","16",55,55,100,30.24,1,"NNE",15,"Light Drizzle","20","10/1/2016","6","0","1",12.8,174.027739893499
"38",38,"2016","10","1","17",55,55,100,30.21,1,"NNE",18.4,"Overcast","20","10/1/2016","6","0","1",12.8,151.362676735966
"39",39,"2016","10","1","18",55.9,55,97,30.22,1,"NNE",15,"Light Rain","20","10/1/2016","6","0","1",13.3,118.47108519993
"40",40,"2016","10","1","18",55.9,55,97,30.21,3,"NNE",16.1,"Overcast","30","10/1/2016","6","0","1",13.3,121.227678408338
"41",41,"2016","10","1","19",55.9,55,97,30.2,2.5,"NNE",16.1,"Light Drizzle","20","10/1/2016","6","0","1",13.3,105.745893023812
"42",42,"2016","10","1","19",55.9,55.9,100,30.2,3,"NE",16.1,"Light Rain","40","10/1/2016","6","0","1",13.3,107.835124829821
"43",43,"2016","10","1","20",55,54,96,30.21,3,"NNE",20.7,"Overcast","30","10/1/2016","6","0","0",12.8,107.264843575851
"44",44,"2016","10","1","21",55,53.1,93,30.2,3,"NNE",16.1,"Overcast","20","10/1/2016","6","0","0",12.8,57.6848693111441
"45",45,"2016","10","1","22",55,54,96,30.18,3,"NNE",16.1,"Overcast","30","10/1/2016","6","0","0",12.8,49.6891534083149
"46",46,"2016","10","1","22",55,55,100,30.18,3,"NNE",16.1,"Overcast","30","10/1/2016","6","0","0",12.8,46.7695003598332
"47",47,"2016","10","1","23",55,55,100,30.18,2.5,"North",11.5,"Light Drizzle","10","10/1/2016","6","0","0",12.8,40.5933219253139
"48",48,"2016","10","2","0",55.9,55,97,30.18,3,"NNE",11.5,"Light Drizzle","20","10/2/2016","0","0","0",13.3,38.6057927400845
"49",49,"2016","10","2","0",55,55,100,30.17,3,"NNW",9.2,"Light Drizzle","340","10/2/2016","0","0","0",12.8,35.3898536522444
"50",50,"2016","10","2","1",54,54,100,30.16,2.5,"North",9.2,"Light Drizzle","350","10/2/2016","0","0","0",12.2,35.9554562004959
"51",51,"2016","10","2","1",54,54,100,30.17,2.5,"NNW",9.2,"Light Rain","330","10/2/2016","0","0","0",12.2,25.5632330245573
"52",52,"2016","10","2","2",53.1,53.1,100,30.15,2.5,"North",10.4,"Light Rain","350","10/2/2016","0","0","0",11.7,37.3061574605514
"53",53,"2016","10","2","3",53.1,53.1,100,30.16,2.5,"NNW",8.1,"Light Rain","340","10/2/2016","0","0","0",11.7,35.6468008073456
"54",54,"2016","10","2","4",54,54,100,30.15,2,"North",8.1,"Light Rain","350","10/2/2016","0","0","0",12.2,47.5013001235599
"55",55,"2016","10","2","4",54,54,100,30.15,2,"North",10.4,"Light Drizzle","10","10/2/2016","0","0","0",12.2,44.6596374019343
"56",56,"2016","10","2","5",53.6,53.6,100,30.14,3,"NNE",13.8,"Light Drizzle","20","10/2/2016","0","0","0",12,52.2595379403132
"57",57,"2016","10","2","5",54,54,100,30.14,3,"NNE",12.7,"Overcast","20","10/2/2016","0","0","0",12.2,56.5197179804323
"58",58,"2016","10","2","6",54,54,100,30.14,3,"NNE",15,"Overcast","20","10/2/2016","0","0","0",12.2,139.855525745376
"59",59,"2016","10","2","6",54,54,100,30.14,3,"NNE",15,"Overcast","20","10/2/2016","0","0","0",12.2,139.855525745376
"60",60,"2016","10","2","7",54,53.1,97,30.15,3,"NNE",12.7,"Overcast","30","10/2/2016","0","0","1",12.2,197.137360344776
"61",61,"2016","10","2","8",54,54,100,30.15,2.5,"NNE",11.5,"Overcast","30","10/2/2016","0","0","1",12.2,209.504884069179
"62",62,"2016","10","2","8",54,54,100,30.15,2,"NE",15,"Overcast","40","10/2/2016","0","0","1",12.2,212.96559923398
"63",63,"2016","10","2","9",55,54,96,30.14,7,"NNE",9.2,"Overcast","30","10/2/2016","0","0","1",12.8,219.239606349121
"64",64,"2016","10","2","10",55.9,54,93,30.13,10,"NNE",11.5,"Overcast","20","10/2/2016","0","0","1",13.3,223.140943496533
"65",65,"2016","10","2","11",55.9,54,93,30.12,10,"NNE",11.5,"Overcast","30","10/2/2016","0","0","1",13.3,220.770971477782
"66",66,"2016","10","2","11",55.9,54,93,30.12,10,"NNE",11.5,"Overcast","30","10/2/2016","0","0","1",13.3,220.770971477782
"67",67,"2016","10","2","12",55.9,54,93,30.11,10,"NNE",6.9,"Overcast","20","10/2/2016","0","0","1",13.3,222.312347091991
"68",68,"2016","10","2","13",55.9,54,93,30.1,10,"North",6.9,"Overcast","360","10/2/2016","0","0","1",13.3,212.479872134459
"69",69,"2016","10","2","13",57,54,89,30.1,10,"NNE",5.8,"Overcast","30","10/2/2016","0","0","1",13.9,216.883944583763
"70",70,"2016","10","2","14",55.9,55,97,30.09,5,"NNE",5.8,"Light Drizzle","20","10/2/2016","0","0","1",13.3,187.255694757116
"71",71,"2016","10","2","14",55.4,53.6,94,30.09,9,"NE",5.8,"Light Drizzle","40","10/2/2016","0","0","1",13,191.800194178569
"72",72,"2016","10","2","14",55.9,54,93,30.08,10,"NE",5.8,"Light Drizzle","40","10/2/2016","0","0","1",13.3,193.477077597293
"73",73,"2016","10","2","15",55.9,54,93,30.08,10,"ENE",6.9,"Overcast","60","10/2/2016","0","0","1",13.3,187.690489460692
"74",74,"2016","10","2","15",57,54,89,30.07,10,"NNE",6.9,"Overcast","30","10/2/2016","0","0","1",13.9,173.768538576757
"75",75,"2016","10","2","16",57,53.1,87,30.07,10,"NNE",3.5,"Overcast","20","10/2/2016","0","0","1",13.9,184.147950127793
"76",76,"2016","10","2","17",55.9,54,93,30.06,10,"ENE",3.5,"Overcast","70","10/2/2016","0","0","1",13.3,177.74953368103
"77",77,"2016","10","2","18",57,54,89,30.06,10,"NNE",3.5,"Overcast","20","10/2/2016","0","0","1",13.9,123.749539525453
"78",78,"2016","10","2","19",55.9,54,93,30.06,10,"Variable",4.6,"Overcast","0","10/2/2016","0","0","1",13.3,103.488885493549
"79",79,"2016","10","2","20",55.9,54,93,30.04,10,"Calm",0,"Overcast","0","10/2/2016","0","0","0",13.3,101.98822250389
"80",80,"2016","10","2","21",55.9,54,93,30.04,10,"Calm",0,"Overcast","0","10/2/2016","0","0","0",13.3,50.1057013415951
"81",81,"2016","10","2","21",55.9,54,93,30.04,10,"Calm",0,"Overcast","0","10/2/2016","0","0","0",13.3,50.1057013415951
"82",82,"2016","10","2","22",55.9,54,93,30.03,10,"Calm",0,"Overcast","0","10/2/2016","0","0","0",13.3,44.2161484888792
"83",83,"2016","10","2","22",57,54,89,30.03,10,"Variable",4.6,"Overcast","0","10/2/2016","0","0","0",13.9,48.3675220688995
"84",84,"2016","10","2","23",55.9,54,93,30.03,10,"SW",6.9,"Overcast","230","10/2/2016","0","0","0",13.3,50.2339344319748
"85",85,"2016","10","2","23",55.9,54,93,30.03,10,"SW",4.6,"Overcast","230","10/2/2016","0","0","0",13.3,50.238774663925
"86",86,"2016","10","3","0",55.9,54,93,30.02,10,"WNW",4.6,"Overcast","290","10/3/2016","1","1","0",13.3,117.64343307993
"87",87,"2016","10","3","0",55.9,54,93,30.01,9,"Variable",5.8,"Overcast","0","10/3/2016","1","1","0",13.3,121.177688493992
"88",88,"2016","10","3","1",55.9,54,93,30,10,"South",6.9,"Overcast","190","10/3/2016","1","1","0",13.3,131.592489428709
"89",89,"2016","10","3","2",55.9,54,93,29.99,10,"WSW",6.9,"Overcast","240","10/3/2016","1","1","0",13.3,117.603041196602
"90",90,"2016","10","3","3",55.9,55,97,29.99,10,"SW",6.9,"Overcast","230","10/3/2016","1","1","0",13.3,128.18087897935
"91",91,"2016","10","3","3",55.9,55,97,29.99,9,"SW",6.9,"Overcast","220","10/3/2016","1","1","0",13.3,119.613481230541
"92",92,"2016","10","3","3",55.9,55,97,29.99,9,"SW",8.1,"Overcast","230","10/3/2016","1","1","0",13.3,128.180970519805
"93",93,"2016","10","3","4",55.9,55,97,29.98,10,"SW",8.1,"Overcast","230","10/3/2016","1","1","0",13.3,137.359681260567
"94",94,"2016","10","3","4",55.9,55,97,29.98,10,"West",8.1,"Overcast","270","10/3/2016","1","1","0",13.3,113.391339709226
"95",95,"2016","10","3","5",57,55,93,29.98,10,"West",10.4,"Overcast","270","10/3/2016","1","1","0",13.9,124.880754245635
"96",96,"2016","10","3","5",57,55,93,29.97,10,"WSW",8.1,"Overcast","250","10/3/2016","1","1","0",13.9,123.331724131779
"97",97,"2016","10","3","6",57,55,93,29.98,10,"WSW",6.9,"Mostly Cloudy","250","10/3/2016","1","1","0",13.9,203.521747266944
"98",98,"2016","10","3","6",57.9,55,90,29.98,10,"WSW",8.1,"Mostly Cloudy","240","10/3/2016","1","1","0",14.4,218.692517690428
"99",99,"2016","10","3","7",57.9,55.9,93,29.99,10,"SW",6.9,"Mostly Cloudy","220","10/3/2016","1","1","1",14.4,277.274578440049
"100",100,"2016","10","3","8",62.1,55.9,80,29.99,10,"WNW",8.1,"Scattered Clouds","300","10/3/2016","1","1","1",16.7,307.260173331773
"101",101,"2016","10","3","9",64,55.9,75,30,10,"Variable",5.8,"Partly Cloudy","0","10/3/2016","1","1","1",17.8,322.010907256038
"102",102,"2016","10","3","10",66,55.9,70,30.01,10,"Variable",4.6,"Partly Cloudy","0","10/3/2016","1","1","1",18.9,327.411558791801
"103",103,"2016","10","3","11",66.9,57.9,73,30.01,10,"East",5.8,"Scattered Clouds","80","10/3/2016","1","1","1",19.4,343.446865288222
"104",104,"2016","10","3","12",66,57,73,30.01,10,"SE",8.1,"Partly Cloudy","130","10/3/2016","1","1","1",18.9,331.872346606055
"105",105,"2016","10","3","13",64.9,57.9,78,30.02,10,"East",9.2,"Partly Cloudy","80","10/3/2016","1","1","1",18.3,327.099375541843
"106",106,"2016","10","3","14",64,55.9,75,30.02,10,"East",9.2,"Mostly Cloudy","80","10/3/2016","1","1","1",17.8,302.305549407361
"107",107,"2016","10","3","15",64,55.9,75,30.02,10,"East",10.4,"Scattered Clouds","90","10/3/2016","1","1","1",17.8,283.742603302595
"108",108,"2016","10","3","16",62.1,57,84,30.05,10,"East",10.4,"Partly Cloudy","90","10/3/2016","1","1","1",16.7,281.994928181615
"109",109,"2016","10","3","17",59,57,93,30.07,10,"East",5.8,"Mostly Cloudy","90","10/3/2016","1","1","1",15,239.835110489984
"110",110,"2016","10","3","18",59,57,93,30.09,10,"ENE",6.9,"Scattered Clouds","60","10/3/2016","1","1","1",15,225.4216310627
"111",111,"2016","10","3","19",59,57.9,96,30.12,10,"East",4.6,"Scattered Clouds","80","10/3/2016","1","1","1",15,204.929996646023
"112",112,"2016","10","3","20",60.1,57.9,93,30.13,10,"East",8.1,"Mostly Cloudy","80","10/3/2016","1","1","0",15.6,197.045215622506
"113",113,"2016","10","3","20",60.1,57.9,93,30.14,10,"East",9.2,"Mostly Cloudy","80","10/3/2016","1","1","0",15.6,196.949549037177
"114",114,"2016","10","3","20",59,57,93,30.15,10,"East",10.4,"Mostly Cloudy","80","10/3/2016","1","1","0",15,195.769294242183
"115",115,"2016","10","3","21",60.1,57,90,30.15,10,"East",10.4,"Mostly Cloudy","90","10/3/2016","1","1","0",15.6,143.472575617272
"116",116,"2016","10","3","22",59,55.9,90,30.18,10,"East",6.9,"Mostly Cloudy","90","10/3/2016","1","1","0",15,135.818557341687
"117",117,"2016","10","3","23",57.9,55.9,93,30.2,10,"NE",6.9,"Scattered Clouds","40","10/3/2016","1","1","0",14.4,134.650416836609
"118",118,"2016","10","3","23",59,57,93,30.2,10,"NE",9.2,"Mostly Cloudy","50","10/3/2016","1","1","0",15,125.125443554383
"119",119,"2016","10","4","0",59,55,87,30.21,10,"NE",10.4,"Mostly Cloudy","50","10/4/2016","2","1","0",15,134.558817944082
"120",120,"2016","10","4","0",59,55,87,30.22,10,"ENE",11.5,"Mostly Cloudy","60","10/4/2016","2","1","0",15,150.965693329588
"121",121,"2016","10","4","1",59,55,87,30.23,10,"ENE",12.7,"Overcast","60","10/4/2016","2","1","0",15,154.10927794635
"122",122,"2016","10","4","2",59,53.1,81,30.24,10,"ENE",15,"Overcast","60","10/4/2016","2","1","0",15,159.338247871128
"123",123,"2016","10","4","3",57.9,54,87,30.25,10,"NNE",11.5,"Overcast","30","10/4/2016","2","1","0",14.4,136.044952564954
"124",124,"2016","10","4","4",57.9,55,90,30.26,10,"North",10.4,"Overcast","10","10/4/2016","2","1","0",14.4,142.788417174206
"125",125,"2016","10","4","4",57.9,55,90,30.26,10,"North",10.4,"Overcast","10","10/4/2016","2","1","0",14.4,142.788417174206
"126",126,"2016","10","4","5",57.9,55,90,30.27,10,"North",8.1,"Mostly Cloudy","360","10/4/2016","2","1","0",14.4,147.188897229197
"127",127,"2016","10","4","6",57.9,55.9,93,30.29,10,"North",9.2,"Overcast","10","10/4/2016","2","1","0",14.4,231.230531218186
"128",128,"2016","10","4","6",59,57,93,30.3,10,"ENE",10.4,"Light Rain","60","10/4/2016","2","1","0",15,248.249627874904
"129",129,"2016","10","4","7",60.1,55.9,86,30.31,10,"ENE",13.8,"Overcast","60","10/4/2016","2","1","1",15.6,312.527884470391
"130",130,"2016","10","4","7",60.1,55,83,30.32,10,"ENE",15,"Overcast","60","10/4/2016","2","1","1",15.6,314.386212380595
"131",131,"2016","10","4","8",61,55,81,30.34,10,"ENE",12.7,"Mostly Cloudy","60","10/4/2016","2","1","1",16.1,327.433362192554
"132",132,"2016","10","4","9",62.1,55,78,30.35,10,"NE",16.1,"Mostly Cloudy","50","10/4/2016","2","1","1",16.7,319.356148376812
"133",133,"2016","10","4","9",62.1,55,78,30.36,10,"NE",19.6,"Mostly Cloudy","50","10/4/2016","2","1","1",16.7,319.255431114665
"134",134,"2016","10","4","10",63,55,75,30.36,10,"NE",17.3,"Mostly Cloudy","50","10/4/2016","2","1","1",17.2,322.835637869282
"135",135,"2016","10","4","10",62.1,53.1,72,30.36,10,"ENE",17.3,"Scattered Clouds","60","10/4/2016","2","1","1",16.7,349.121778196017
"136",136,"2016","10","4","11",62.1,52,70,30.37,10,"NE",17.3,"Scattered Clouds","50","10/4/2016","2","1","1",16.7,330.825557764755
"137",137,"2016","10","4","12",61,51.1,70,30.37,10,"ENE",15,"Scattered Clouds","70","10/4/2016","2","1","1",16.1,354.688914317075
"138",138,"2016","10","4","13",61,51.1,70,30.36,10,"ENE",18.4,"Scattered Clouds","70","10/4/2016","2","1","1",16.1,345.335297547394
"139",139,"2016","10","4","14",60.1,50,69,30.36,10,"ENE",16.1,"Scattered Clouds","60","10/4/2016","2","1","1",15.6,318.602155255331
"140",140,"2016","10","4","15",60.1,48,64,30.35,10,"NNE",15,"Partly Cloudy","30","10/4/2016","2","1","1",15.6,275.76941311386
"141",141,"2016","10","4","16",57.9,46.9,67,30.35,10,"ENE",13.8,"Partly Cloudy","60","10/4/2016","2","1","1",14.4,298.806501162999
"142",142,"2016","10","4","17",55.9,46.9,72,30.36,10,"ENE",12.7,"Partly Cloudy","70","10/4/2016","2","1","1",13.3,274.275937763492
"143",143,"2016","10","4","18",55,45,69,30.37,10,"ENE",11.5,"Partly Cloudy","60","10/4/2016","2","1","1",12.8,234.613108755223
"144",144,"2016","10","4","19",55,48,77,30.38,10,"ENE",9.2,"Partly Cloudy","60","10/4/2016","2","1","1",12.8,218.173150848589
"145",145,"2016","10","4","20",54,48,80,30.38,10,"NE",6.9,"Partly Cloudy","40","10/4/2016","2","1","0",12.2,198.732777214294
"146",146,"2016","10","4","21",53.1,46.9,80,30.38,10,"North",8.1,"Partly Cloudy","360","10/4/2016","2","1","0",11.7,141.687025461445
"147",147,"2016","10","4","22",52,48,86,30.38,10,"North",9.2,"Partly Cloudy","360","10/4/2016","2","1","0",11.1,131.023064839084
"148",148,"2016","10","4","23",51.1,46.9,86,30.38,10,"North",8.1,"Partly Cloudy","10","10/4/2016","2","1","0",10.6,127.365069123046
"149",149,"2016","10","5","0",50,46.9,89,30.38,10,"North",5.8,"Clear","350","10/5/2016","3","1","0",10,129.216009809279
"150",150,"2016","10","5","1",50,46,86,30.37,10,"North",9.2,"Clear","360","10/5/2016","3","1","0",10,129.63812395526
"151",151,"2016","10","5","2",50,46,86,30.35,10,"North",8.1,"Clear","350","10/5/2016","3","1","0",10,133.200867930053
"152",152,"2016","10","5","3",48,45,89,30.35,10,"NNW",5.8,"Clear","340","10/5/2016","3","1","0",8.9,127.300074049503
"153",153,"2016","10","5","4",48.9,46,90,30.36,10,"North",8.1,"Clear","360","10/5/2016","3","1","0",9.4,136.198322703357
"154",154,"2016","10","5","6",48.9,46,90,30.37,10,"North",9.2,"Scattered Clouds","360","10/5/2016","3","1","0",9.4,236.976677584769
"155",155,"2016","10","5","6",48.9,46,90,30.38,10,"North",10.4,"Scattered Clouds","360","10/5/2016","3","1","0",9.4,236.880800554573
"156",156,"2016","10","5","7",51.1,46.9,86,30.38,10,"North",8.1,"Partly Cloudy","360","10/5/2016","3","1","1",10.6,294.801819555605
"157",157,"2016","10","5","8",55,48.9,80,30.4,10,"North",9.2,"Partly Cloudy","10","10/5/2016","3","1","1",12.8,317.384684704977
"158",158,"2016","10","5","9",57.9,50,75,30.39,10,"NNE",10.4,"Partly Cloudy","30","10/5/2016","3","1","1",14.4,329.881784870851
"159",159,"2016","10","5","10",59,48.9,69,30.4,10,"ENE",11.5,"Partly Cloudy","60","10/5/2016","3","1","1",15,353.123194688454
"160",160,"2016","10","5","11",59,48.9,69,30.39,10,"ENE",9.2,"Partly Cloudy","70","10/5/2016","3","1","1",15,358.250691160468
"161",161,"2016","10","5","12",60.1,48.9,67,30.37,10,"ENE",11.5,"Partly Cloudy","70","10/5/2016","3","1","1",15.6,361.541699335589
"162",162,"2016","10","5","13",59,48.9,69,30.35,10,"East",12.7,"Partly Cloudy","80","10/5/2016","3","1","1",15,336.942792244363
"163",163,"2016","10","5","14",59,48,67,30.33,10,"East",13.8,"Partly Cloudy","80","10/5/2016","3","1","1",15,318.799008375227
"164",164,"2016","10","5","15",57.9,48.9,72,30.32,10,"East",10.4,"Partly Cloudy","80","10/5/2016","3","1","1",14.4,290.795958657651
"165",165,"2016","10","5","16",57,48,72,30.31,10,"East",9.2,"Partly Cloudy","80","10/5/2016","3","1","1",13.9,299.04786572692
"166",166,"2016","10","5","17",55.9,48,75,30.32,10,"East",8.1,"Partly Cloudy","90","10/5/2016","3","1","1",13.3,265.788120287255
"167",167,"2016","10","5","18",55,48,77,30.32,10,"East",4.6,"Partly Cloudy","100","10/5/2016","3","1","1",12.8,235.135219112454
"168",168,"2016","10","5","19",55,48,77,30.32,10,"East",4.6,"Partly Cloudy","90","10/5/2016","3","1","1",12.8,218.759513692359
"169",169,"2016","10","5","20",55,48.9,80,30.32,10,"Calm",0,"Partly Cloudy","0","10/5/2016","3","1","0",12.8,202.804605266823
"170",170,"2016","10","5","21",55,48.9,80,30.32,10,"Calm",0,"Partly Cloudy","0","10/5/2016","3","1","0",12.8,150.922084104528
"171",171,"2016","10","5","22",54,48.9,83,30.31,10,"North",3.5,"Partly Cloudy","360","10/5/2016","3","1","0",12.2,145.515482101113
"172",172,"2016","10","5","23",52,48.9,89,30.3,10,"North",3.5,"Clear","10","10/5/2016","3","1","0",11.1,130.06031321357
"173",173,"2016","10","6","0",52,48,86,30.31,10,"NNW",4.6,"Clear","330","10/6/2016","4","1","0",11.1,114.722952045627
"174",174,"2016","10","6","1",51.1,48,89,30.32,10,"NW",3.5,"Clear","310","10/6/2016","4","1","0",10.6,110.430017033852
"175",175,"2016","10","6","2",50,48,93,30.31,10,"WNW",4.6,"Clear","300","10/6/2016","4","1","0",10,107.686055179826
"176",176,"2016","10","6","3",51.1,48,89,30.3,10,"NNW",3.5,"Clear","340","10/6/2016","4","1","0",10.6,123.031978026623
"177",177,"2016","10","6","4",50,46.9,89,30.3,10,"Calm",0,"Clear","0","10/6/2016","4","1","0",10,126.934725948425
"178",178,"2016","10","6","5",48.9,46.9,93,30.31,10,"Calm",0,"Clear","0","10/6/2016","4","1","0",9.4,130.013520937156
"179",179,"2016","10","6","6",48.9,46,90,30.31,10,"North",4.6,"Partly Cloudy","350","10/6/2016","4","1","0",9.4,227.835011820162
"180",180,"2016","10","6","7",52,48,86,30.32,10,"NW",4.6,"Partly Cloudy","310","10/6/2016","4","1","1",11.1,277.691444697795
"181",181,"2016","10","6","8",55,48,77,30.33,10,"NW",3.5,"Partly Cloudy","310","10/6/2016","4","1","1",12.8,301.088856120602
"182",182,"2016","10","6","9",57.9,46.9,67,30.33,10,"Calm",0,"Clear","0","10/6/2016","4","1","1",14.4,315.078057506988
"183",183,"2016","10","6","10",59,48.9,69,30.32,10,"SSE",4.6,"Clear","160","10/6/2016","4","1","1",15,320.524475309657
"184",184,"2016","10","6","11",62.1,48,60,30.31,10,"SE",6.9,"Clear","140","10/6/2016","4","1","1",16.7,330.264997861972
"185",185,"2016","10","6","12",63,48,58,30.29,10,"SE",9.2,"Clear","140","10/6/2016","4","1","1",17.2,333.610811255587
"186",186,"2016","10","6","13",64,46,52,30.27,10,"ESE",8.1,"Partly Cloudy","120","10/6/2016","4","1","1",17.8,337.136128473051
"187",187,"2016","10","6","14",66,36,33,30.27,10,"East",8.1,"Clear","100","10/6/2016","4","1","1",18.9,321.667329093788
"188",188,"2016","10","6","15",64,46,52,30.27,10,"ESE",6.9,"Clear","110","10/6/2016","4","1","1",17.8,293.883088120396
"189",189,"2016","10","6","16",64,46.9,54,30.27,10,"East",5.8,"Clear","100","10/6/2016","4","1","1",17.8,300.880633550245
"190",190,"2016","10","6","17",63,48.9,60,30.27,10,"East",3.5,"Clear","100","10/6/2016","4","1","1",17.2,270.942595905239
"191",191,"2016","10","6","18",61,53.1,75,30.28,10,"Variable",3.5,"Clear","0","10/6/2016","4","1","1",16.1,211.620654423173
"192",192,"2016","10","6","19",61,55.9,83,30.28,10,"SSE",5.8,"Clear","160","10/6/2016","4","1","1",16.1,199.264398634552
"193",193,"2016","10","6","20",60.1,54,80,30.3,10,"SSW",8.1,"Clear","200","10/6/2016","4","1","0",15.6,190.301560609478
"194",194,"2016","10","6","21",59,53.1,81,30.3,10,"SW",6.9,"Clear","230","10/6/2016","4","1","0",15,147.656683134758
"195",195,"2016","10","6","22",57,53.1,87,30.32,10,"SSW",6.9,"Clear","200","10/6/2016","4","1","0",13.9,123.913137125103
"196",196,"2016","10","6","23",55.9,53.1,90,30.31,10,"South",5.8,"Clear","190","10/6/2016","4","1","0",13.3,132.543615963168
"197",197,"2016","10","7","0",54,53.1,97,30.31,10,"SSW",6.9,"Clear","210","10/7/2016","5","1","0",12.2,97.1194620255433
"198",198,"2016","10","7","1",55.9,51.1,84,30.3,10,"Calm",0,"Clear","0","10/7/2016","5","1","0",13.3,108.646838323235
"199",199,"2016","10","7","2",54,51.1,90,30.29,10,"Calm",0,"Clear","0","10/7/2016","5","1","0",12.2,104.183994584486
"200",200,"2016","10","7","3",57,50,77,30.27,10,"WNW",3.5,"Clear","300","10/7/2016","5","1","0",13.9,108.92515284339
"201",201,"2016","10","7","4",54,50,86,30.27,10,"Calm",0,"Clear","0","10/7/2016","5","1","0",12.2,116.183138794235
"202",202,"2016","10","7","5",54,48,80,30.27,10,"NW",3.5,"Clear","310","10/7/2016","5","1","0",12.2,120.019859387803
"203",203,"2016","10","7","6",54,48,80,30.29,10,"Calm",0,"Clear","0","10/7/2016","5","1","0",12.2,210.264647551512
"204",204,"2016","10","7","7",57,48.9,74,30.3,10,"Calm",0,"Clear","0","10/7/2016","5","1","1",13.9,273.049095173751
"205",205,"2016","10","7","8",60.1,50,69,30.31,10,"NNW",3.5,"Clear","330","10/7/2016","5","1","1",15.6,287.878891763231
"206",206,"2016","10","7","9",64,52,65,30.32,10,"Variable",3.5,"Clear","0","10/7/2016","5","1","1",17.8,305.49273205102
"207",207,"2016","10","7","10",64.9,53.1,65,30.31,10,"ENE",5.8,"Clear","60","10/7/2016","5","1","1",18.3,329.462410810747
"208",208,"2016","10","7","11",66,53.1,63,30.31,10,"ENE",5.8,"Clear","60","10/7/2016","5","1","1",18.9,329.160508268185
"209",209,"2016","10","7","13",66.9,54,63,30.27,10,"ENE",9.2,"Partly Cloudy","70","10/7/2016","5","1","1",19.4,336.875950456926
"210",210,"2016","10","7","14",66,55,68,30.26,10,"East",10.4,"Partly Cloudy","80","10/7/2016","5","1","1",18.9,300.611612120789
"211",211,"2016","10","7","15",64.9,57,75,30.24,10,"East",9.2,"Partly Cloudy","80","10/7/2016","5","1","1",18.3,272.179597167521
"212",212,"2016","10","7","16",64.9,57.9,78,30.23,10,"ENE",6.9,"Partly Cloudy","70","10/7/2016","5","1","1",18.3,293.045957607163
"213",213,"2016","10","7","17",63,57.9,84,30.23,10,"ENE",5.8,"Partly Cloudy","70","10/7/2016","5","1","1",17.2,260.238956103406
"214",214,"2016","10","7","18",63,57,81,30.23,10,"ESE",4.6,"Partly Cloudy","110","10/7/2016","5","1","1",17.2,218.094644504653
"215",215,"2016","10","7","19",63,55.9,78,30.24,10,"SE",6.9,"Clear","130","10/7/2016","5","1","1",17.2,189.403142973972
"216",216,"2016","10","7","20",62.1,55,78,30.24,10,"SSE",8.1,"Clear","160","10/7/2016","5","1","0",16.7,183.745173050796
"217",217,"2016","10","7","21",60.1,55.9,86,30.24,10,"South",4.6,"Clear","190","10/7/2016","5","1","0",15.6,130.73895375361
"218",218,"2016","10","7","22",59,55,87,30.23,10,"South",3.5,"Clear","180","10/7/2016","5","1","0",15,113.923953336554
"219",219,"2016","10","7","23",59,53.1,81,30.22,10,"WSW",5.8,"Clear","250","10/7/2016","5","1","0",15,96.7547899741958
"220",220,"2016","10","8","0",57.9,53.1,84,30.19,10,"SSW",5.8,"Clear","200","10/8/2016","6","0","0",14.4,66.7887420873664
"221",221,"2016","10","8","1",55.9,53.1,90,30.19,10,"SSE",4.6,"Clear","160","10/8/2016","6","0","0",13.3,68.5712062343735
"222",222,"2016","10","8","2",54,52,93,30.18,10,"South",5.8,"Clear","190","10/8/2016","6","0","0",12.2,71.5786361616547
"223",223,"2016","10","8","3",54,52,93,30.17,10,"South",3.5,"Clear","190","10/8/2016","6","0","0",12.2,71.6386631658869
"224",224,"2016","10","8","4",54,51.1,90,30.17,10,"South",5.8,"Clear","190","10/8/2016","6","0","0",12.2,82.6760038021753
"225",225,"2016","10","8","5",52,51.1,97,30.17,10,"South",6.9,"Clear","180","10/8/2016","6","0","0",11.1,74.0315343110979
"226",226,"2016","10","8","6",53.1,52,96,30.17,9,"Calm",0,"Clear","0","10/8/2016","6","0","0",11.7,158.170364463861
"227",227,"2016","10","8","7",53.1,53.1,100,30.17,8,"South",4.6,"Mostly Cloudy","190","10/8/2016","6","0","1",11.7,222.28341297402
"228",228,"2016","10","8","8",55.9,54,93,30.17,10,"South",5.8,"Mostly Cloudy","190","10/8/2016","6","0","1",13.3,244.987173715753
"229",229,"2016","10","8","9",57.9,55.9,93,30.17,10,"SE",5.8,"Mostly Cloudy","140","10/8/2016","6","0","1",14.4,251.13505017953
"230",230,"2016","10","8","10",59,57,93,30.15,10,"SE",5.8,"Mostly Cloudy","140","10/8/2016","6","0","1",15,253.202156388157
"231",231,"2016","10","8","11",63,57,81,30.12,10,"ESE",4.6,"Overcast","110","10/8/2016","6","0","1",17.2,276.23862332456
"232",232,"2016","10","8","12",64,57,78,30.11,10,"East",6.9,"Overcast","80","10/8/2016","6","0","1",17.8,278.249949666196
"233",233,"2016","10","8","13",64,57.9,80,30.1,10,"East",5.8,"Overcast","100","10/8/2016","6","0","1",17.8,268.914621909909
"234",234,"2016","10","8","14",63,59,87,30.08,10,"ENE",6.9,"Overcast","70","10/8/2016","6","0","1",17.2,256.724499753955
"235",235,"2016","10","8","14",64,60.1,87,30.08,10,"ENE",6.9,"Overcast","70","10/8/2016","6","0","1",17.8,258.122923980035
"236",236,"2016","10","8","15",64.9,61,87,30.06,10,"ESE",5.8,"Overcast","120","10/8/2016","6","0","1",18.3,216.752476775753
"237",237,"2016","10","8","16",64.9,61,87,30.05,10,"SE",3.5,"Overcast","130","10/8/2016","6","0","1",18.3,222.551304360661
"238",238,"2016","10","8","16",66.9,63,87,30.04,10,"WSW",5.8,"Overcast","240","10/8/2016","6","0","1",19.4,212.5322736686
"239",239,"2016","10","8","17",66.9,62.1,84,30.02,10,"SSW",8.1,"Overcast","200","10/8/2016","6","0","1",19.4,190.084684290265
"240",240,"2016","10","8","18",66.9,62.1,84,30.03,10,"South",4.6,"Overcast","190","10/8/2016","6","0","1",19.4,170.580902068995
"241",241,"2016","10","8","19",66.9,62.1,84,30.04,10,"SW",4.6,"Overcast","220","10/8/2016","6","0","1",19.4,147.712243721779
"242",242,"2016","10","8","19",66,62.1,87,30.03,10,"SSW",5.8,"Overcast","210","10/8/2016","6","0","1",18.9,144.864862889612
"243",243,"2016","10","8","20",66,62.1,87,30.04,10,"SSW",5.8,"Overcast","210","10/8/2016","6","0","0",18.9,143.074464360691
"244",244,"2016","10","8","20",66,62.1,87,30.04,10,"SSW",8.1,"Overcast","210","10/8/2016","6","0","0",18.9,143.069624128741
"245",245,"2016","10","8","21",64.9,62.1,90,30.03,10,"South",4.6,"Overcast","190","10/8/2016","6","0","0",18.3,98.7869907844344
"246",246,"2016","10","8","22",64.9,62.1,90,30.02,10,"South",3.5,"Light Rain","190","10/8/2016","6","0","0",18.3,89.98365285587
"247",247,"2016","10","8","23",64,63,96,30.01,10,"South",3.5,"Light Rain","180","10/8/2016","6","0","0",17.8,74.3170064629366
"248",248,"2016","10","9","0",63,63,100,29.99,10,"SSW",4.6,"Overcast","200","10/9/2016","0","0","0",17.2,30.3897071983714
"249",249,"2016","10","9","1",63,63,100,29.99,10,"SSW",3.5,"Overcast","200","10/9/2016","0","0","0",17.2,30.5716852305205
"250",250,"2016","10","9","1",64.9,64,97,29.99,10,"WSW",8.1,"Overcast","240","10/9/2016","0","0","0",18.3,32.8031053877045
"251",251,"2016","10","9","2",64,64,100,29.98,10,"SW",5.8,"Overcast","220","10/9/2016","0","0","0",17.8,36.3493257091659
"252",252,"2016","10","9","2",64,64,100,29.97,8,"South",6.9,"Light Rain","190","10/9/2016","0","0","0",17.8,44.2224302949375
"253",253,"2016","10","9","3",64,62.1,93,29.96,10,"WNW",5.8,"Overcast","300","10/9/2016","0","0","0",17.8,34.5847404978413
"254",254,"2016","10","9","4",63,62.1,97,29.96,10,"NNW",3.5,"Overcast","340","10/9/2016","0","0","0",17.2,50.6438697507618
"255",255,"2016","10","9","5",63,62.1,97,29.97,10,"NNW",5.8,"Overcast","340","10/9/2016","0","0","0",17.2,57.8788785514635
"256",256,"2016","10","9","6",63,62.1,97,29.97,10,"NNW",6.9,"Overcast","340","10/9/2016","0","0","0",17.2,141.217211654816
"257",257,"2016","10","9","6",61,60.1,97,29.98,6,"NNW",12.7,"Light Rain","340","10/9/2016","0","0","0",16.1,135.668414497412
"258",258,"2016","10","9","7",60.1,60.1,100,29.98,2,"NNW",11.5,"Rain","340","10/9/2016","0","0","1",15.6,192.537999647869
"259",259,"2016","10","9","7",57.9,57.9,100,29.99,2.5,"NNW",8.1,"Light Rain","340","10/9/2016","0","0","1",14.4,185.365116890034
"260",260,"2016","10","9","8",57,57,100,30.03,2.5,"North",12.7,"Heavy Rain","10","10/9/2016","0","0","1",13.9,193.475838001498
"261",261,"2016","10","9","9",57,57,100,30.03,3,"NNE",10.4,"Rain","20","10/9/2016","0","0","1",13.9,208.160798010177
"262",262,"2016","10","9","9",57,57,100,30.02,5,"North",12.7,"Light Rain","10","10/9/2016","0","0","1",13.9,203.253943800257
"263",263,"2016","10","9","10",55,54,96,30.03,6,"North",13.8,"Rain","10","10/9/2016","0","0","1",12.8,208.308214074094
"264",264,"2016","10","9","11",55,54,96,30.02,6,"North",12.7,"Rain","360","10/9/2016","0","0","1",12.8,206.401456049125
"265",265,"2016","10","9","12",54,54,100,30.04,3,"North",13.8,"Rain","10","10/9/2016","0","0","1",12.2,203.036678722961
"266",266,"2016","10","9","13",54,53.1,97,30.02,5,"NNE",18.4,"Rain","30","10/9/2016","0","0","1",12.2,196.179152299912
"267",267,"2016","10","9","14",53.1,51.1,93,30.01,4,"NNE",18.4,"Rain","20","10/9/2016","0","0","1",11.7,178.983971545765
"268",268,"2016","10","9","14",53.1,52,96,30.02,5,"NNE",17.3,"Rain","20","10/9/2016","0","0","1",11.7,176.936112928255
"269",269,"2016","10","9","15",53.1,51.1,93,30.02,4,"NNE",17.3,"Rain","20","10/9/2016","0","0","1",11.7,154.65969451954
"270",270,"2016","10","9","15",52,51.1,97,30.02,4,"North",16.1,"Rain","360","10/9/2016","0","0","1",11.1,150.015152500686
"271",271,"2016","10","9","16",52,51.1,97,30.02,6,"North",16.1,"Rain","10","10/9/2016","0","0","1",11.1,159.089542466585
"272",272,"2016","10","9","16",52,51.1,97,30.02,5,"North",15,"Rain","360","10/9/2016","0","0","1",11.1,159.31006353773
"273",273,"2016","10","9","16",52,51.1,97,30.02,5,"North",15,"Rain","360","10/9/2016","0","0","1",11.1,159.31006353773
"274",274,"2016","10","9","17",52,50,93,30.02,5,"North",17.3,"Rain","10","10/9/2016","0","0","1",11.1,135.174918056474
"275",275,"2016","10","9","17",51.1,50,96,30.03,5,"North",15,"Rain","10","10/9/2016","0","0","1",10.6,131.993018672944
"276",276,"2016","10","9","17",51.1,50,96,30.03,5,"North",13.8,"Rain","10","10/9/2016","0","0","1",10.6,131.995544011353
"277",277,"2016","10","9","18",51.1,48.9,92,30.03,7,"North",17.3,"Rain","360","10/9/2016","0","0","1",10.6,101.978480875803
"278",278,"2016","10","9","19",51.1,50,96,30.04,4,"North",13.8,"Heavy Rain","360","10/9/2016","0","0","1",10.6,78.5627695799766
"279",279,"2016","10","9","19",50,50,100,30.04,4,"North",13.8,"Heavy Rain","10","10/9/2016","0","0","1",10,74.1861262373167
"280",280,"2016","10","9","20",50,48,93,30.03,4,"NNE",21.9,"Rain","20","10/9/2016","0","0","0",10,86.476395764942
"281",281,"2016","10","9","20",50,48,93,30.02,5,"North",18.4,"Rain","10","10/9/2016","0","0","0",10,85.8728935361424
"282",282,"2016","10","9","20",50,48,93,30.01,6,"North",23,"Rain","10","10/9/2016","0","0","0",10,85.9539478851652
"283",283,"2016","10","9","21",50,48.9,96,30,10,"North",15,"Light Rain","360","10/9/2016","0","0","0",10,28.1440015469849
"284",284,"2016","10","9","21",50,48,93,30,10,"North",18.4,"Light Rain","360","10/9/2016","0","0","0",10,30.0910513618934
"285",285,"2016","10","9","21",50,48,93,30,10,"North",17.3,"Light Rain","360","10/9/2016","0","0","0",10,30.0933662554348
"286",286,"2016","10","9","22",50,46.9,89,29.99,10,"North",17.3,"Light Rain","350","10/9/2016","0","0","0",10,28.7643937198816
"287",287,"2016","10","9","23",50,46.9,89,29.99,10,"NNW",11.5,"Mostly Cloudy","330","10/9/2016","0","0","0",10,15.5192549411983
"288",288,"2016","10","10","0",48.9,44.1,83,30,10,"NNW",16.1,"Overcast","330","10/10/2016","1","1","0",9.4,109.554160355704
"289",289,"2016","10","10","1",46.9,41,80,30,10,"NW",17.3,"Overcast","320","10/10/2016","1","1","0",8.3,105.649471696489
"290",290,"2016","10","10","2",46,39,76,30,10,"NW",17.3,"Scattered Clouds","320","10/10/2016","1","1","0",7.8,114.914494850478
"291",291,"2016","10","10","3",45,37.9,76,30,10,"NNW",13.8,"Scattered Clouds","330","10/10/2016","1","1","0",7.2,116.669649004411
"292",292,"2016","10","10","4",45,37,74,30.02,10,"NW",19.6,"Partly Cloudy","320","10/10/2016","1","1","0",7.2,120.21536765891
"293",293,"2016","10","10","5",45,37,74,30.03,10,"NW",15,"Partly Cloudy","320","10/10/2016","1","1","0",7.2,127.464897155462
"294",294,"2016","10","10","6",45,36,71,30.06,10,"NNW",13.8,"Partly Cloudy","330","10/10/2016","1","1","0",7.2,215.509574854321
"295",295,"2016","10","10","7",46,36,68,30.09,10,"NNW",19.6,"Partly Cloudy","330","10/10/2016","1","1","1",7.8,273.917347602186
"296",296,"2016","10","10","8",48,35.1,61,30.11,10,"NNW",20.7,"Partly Cloudy","330","10/10/2016","1","1","1",8.9,293.88745710388
"297",297,"2016","10","10","9",50,35.1,57,30.13,10,"NW",18.4,"Partly Cloudy","320","10/10/2016","1","1","1",10,299.895496441715
"298",298,"2016","10","10","10",52,35.1,53,30.13,10,"NW",18.4,"Partly Cloudy","310","10/10/2016","1","1","1",11.1,306.160707292849
"299",299,"2016","10","10","11",54,35.1,49,30.14,10,"NW",17.3,"Partly Cloudy","320","10/10/2016","1","1","1",12.2,305.842480236298
"300",300,"2016","10","10","12",55.9,35.1,45,30.13,10,"NW",19.6,"Clear","320","10/10/2016","1","1","1",13.3,303.801584519169
"301",301,"2016","10","10","13",57,34,42,30.13,10,"NNW",19.6,"Clear","330","10/10/2016","1","1","1",13.9,298.8574760805
"302",302,"2016","10","10","14",57.9,34,41,30.14,10,"NW",17.3,"Partly Cloudy","310","10/10/2016","1","1","1",14.4,286.378799263054
"303",303,"2016","10","10","15",57.9,34,41,30.16,10,"NW",18.4,"Partly Cloudy","310","10/10/2016","1","1","1",14.4,261.95654075796
"304",304,"2016","10","10","16",57.9,33.1,39,30.18,10,"NW",17.3,"Partly Cloudy","320","10/10/2016","1","1","1",14.4,270.002894591256
"305",305,"2016","10","10","17",55,33.1,43,30.22,10,"NW",15,"Partly Cloudy","320","10/10/2016","1","1","1",12.8,239.343980428678
"306",306,"2016","10","10","18",53.1,34,48,30.25,10,"NNW",10.4,"Clear","330","10/10/2016","1","1","1",11.7,198.469541622499
"307",307,"2016","10","10","19",52,34,50,30.28,10,"NW",10.4,"Clear","310","10/10/2016","1","1","1",11.1,182.902829095976
"308",308,"2016","10","10","20",50,33.1,52,30.3,10,"NNW",12.7,"Clear","330","10/10/2016","1","1","0",10,179.247117721993
"309",309,"2016","10","10","21",48.9,34,56,30.32,10,"NW",10.4,"Clear","320","10/10/2016","1","1","0",9.4,121.250510710762
"310",310,"2016","10","10","22",48,33.1,56,30.34,10,"NNW",9.2,"Clear","330","10/10/2016","1","1","0",8.9,117.128622866959
"311",311,"2016","10","10","23",46.9,33.1,59,30.35,10,"NNW",11.5,"Clear","330","10/10/2016","1","1","0",8.3,112.000356371758
"312",312,"2016","10","11","0",46,33.1,61,30.37,10,"NW",11.5,"Clear","320","10/11/2016","2","1","0",7.8,113.791910950088
"313",313,"2016","10","11","1",45,33.1,63,30.38,10,"NW",10.4,"Clear","320","10/11/2016","2","1","0",7.2,111.964425923975
"314",314,"2016","10","11","2",45,33.1,63,30.39,10,"NNW",10.4,"Clear","330","10/11/2016","2","1","0",7.2,116.631227159702
"315",315,"2016","10","11","3",44.1,33.1,65,30.4,10,"NW",10.4,"Clear","320","10/11/2016","2","1","0",6.7,111.34441623428
"316",316,"2016","10","11","4",44.1,33.1,65,30.42,10,"NW",8.1,"Clear","320","10/11/2016","2","1","0",6.7,120.250529010495
"317",317,"2016","10","11","5",44.1,33.1,65,30.44,10,"NW",10.4,"Clear","320","10/11/2016","2","1","0",6.7,127.392186119409
"318",318,"2016","10","11","6",44.1,33.1,65,30.44,10,"NNW",8.1,"Clear","330","10/11/2016","2","1","0",6.7,213.922052077412
"319",319,"2016","10","11","7",45,34,65,30.46,10,"NW",9.2,"Clear","320","10/11/2016","2","1","1",7.2,267.349289974768
"320",320,"2016","10","11","8",48.9,34,56,30.47,10,"North",5.8,"Clear","350","10/11/2016","2","1","1",9.4,304.784047441975
"321",321,"2016","10","11","9",54,34,47,30.48,10,"Calm",0,"Clear","0","10/11/2016","2","1","1",12.2,313.431000126135
"322",322,"2016","10","11","10",55.9,32,40,30.48,10,"Variable",3.5,"Clear","0","10/11/2016","2","1","1",13.3,318.019590509547
"323",323,"2016","10","11","11",59,30.9,35,30.48,10,"Calm",0,"Partly Cloudy","0","10/11/2016","2","1","1",15,325.971823398453
"324",324,"2016","10","11","12",57.9,37,46,30.46,10,"SE",9.2,"Partly Cloudy","140","10/11/2016","2","1","1",14.4,333.319021259958
"325",325,"2016","10","11","13",57.9,30.9,36,30.45,10,"SE",10.4,"Partly Cloudy","130","10/11/2016","2","1","1",14.4,324.322864616643
"326",326,"2016","10","11","14",57.9,33.1,39,30.43,10,"ESE",9.2,"Partly Cloudy","110","10/11/2016","2","1","1",14.4,316.380911080098
"327",327,"2016","10","11","15",57.9,34,41,30.43,10,"ESE",9.2,"Partly Cloudy","110","10/11/2016","2","1","1",14.4,291.315937250442
"328",328,"2016","10","11","16",57.9,35.1,42,30.42,10,"East",10.4,"Partly Cloudy","100","10/11/2016","2","1","1",14.4,299.838511940132
"329",329,"2016","10","11","17",55.9,42.1,60,30.43,10,"ESE",9.2,"Scattered Clouds","110","10/11/2016","2","1","1",13.3,268.919292113998
"330",330,"2016","10","11","18",55,41,59,30.43,10,"SE",8.1,"Scattered Clouds","130","10/11/2016","2","1","1",12.8,224.666539333256
"331",331,"2016","10","11","19",54,43,66,30.43,10,"SSE",8.1,"Partly Cloudy","160","10/11/2016","2","1","1",12.2,202.386244505427
"332",332,"2016","10","11","20",52,42.1,69,30.43,10,"South",5.8,"Partly Cloudy","180","10/11/2016","2","1","0",11.1,193.62799938271
"333",333,"2016","10","11","21",52,41,66,30.43,10,"SSW",4.6,"Partly Cloudy","200","10/11/2016","2","1","0",11.1,138.544188568102
"334",334,"2016","10","11","22",51.1,39,63,30.42,10,"SSW",4.6,"Partly Cloudy","200","10/11/2016","2","1","0",10.6,133.155611211212
"335",335,"2016","10","11","23",52,37.9,59,30.42,10,"SSW",4.6,"Partly Cloudy","210","10/11/2016","2","1","0",11.1,136.679856633474
"336",336,"2016","10","12","0",48.9,39,69,30.41,10,"SSW",5.8,"Clear","210","10/12/2016","3","1","0",9.4,117.723336919182
"337",337,"2016","10","12","1",48.9,42.1,77,30.41,10,"SW",6.9,"Clear","230","10/12/2016","3","1","0",9.4,122.203468493859
"338",338,"2016","10","12","2",48.9,42.1,77,30.4,10,"SSW",4.6,"Partly Cloudy","200","10/12/2016","3","1","0",9.4,119.644936948698
"339",339,"2016","10","12","3",48.9,44.1,83,30.39,10,"South",3.5,"Partly Cloudy","180","10/12/2016","3","1","0",9.4,120.952048664844
"340",340,"2016","10","12","4",48.9,45,86,30.39,10,"SSW",4.6,"Partly Cloudy","200","10/12/2016","3","1","0",9.4,123.2395312889
"341",341,"2016","10","12","5",48.9,44.1,83,30.4,10,"South",5.8,"Scattered Clouds","190","10/12/2016","3","1","0",9.4,148.98665070772
"342",342,"2016","10","12","6",48.9,45,86,30.4,10,"South",4.6,"Mostly Cloudy","190","10/12/2016","3","1","0",9.4,221.250019473187
"343",343,"2016","10","12","7",51.1,46,83,30.4,10,"South",3.5,"Partly Cloudy","170","10/12/2016","3","1","1",10.6,279.507482388381
"344",344,"2016","10","12","8",54,46,75,30.4,10,"South",3.5,"Partly Cloudy","180","10/12/2016","3","1","1",12.2,301.028533403627
"345",345,"2016","10","12","9",55.9,46.9,72,30.4,10,"South",4.6,"Partly Cloudy","180","10/12/2016","3","1","1",13.3,310.691236465748
"346",346,"2016","10","12","10",59,48,67,30.39,10,"SSE",6.9,"Partly Cloudy","150","10/12/2016","3","1","1",15,311.968518300282
"347",347,"2016","10","12","11",60.1,48,64,30.37,10,"ESE",5.8,"Partly Cloudy","120","10/12/2016","3","1","1",15.6,327.981302068661
"348",348,"2016","10","12","12",61,50,67,30.34,10,"East",11.5,"Partly Cloudy","100","10/12/2016","3","1","1",16.1,334.820220346589
"349",349,"2016","10","12","13",62.1,48,60,30.32,10,"East",12.7,"Scattered Clouds","90","10/12/2016","3","1","1",16.7,328.649959699171
"350",350,"2016","10","12","14",62.1,48,60,30.31,10,"East",12.7,"Mostly Cloudy","90","10/12/2016","3","1","1",16.7,300.457805800676
"351",351,"2016","10","12","15",61,51.1,70,30.29,10,"East",12.7,"Mostly Cloudy","100","10/12/2016","3","1","1",16.1,274.676439793735
"352",352,"2016","10","12","16",62.1,53.1,72,30.27,10,"ESE",12.7,"Scattered Clouds","110","10/12/2016","3","1","1",16.7,295.318895337893
"353",353,"2016","10","12","17",60.1,53.1,78,30.25,10,"SE",10.4,"Mostly Cloudy","130","10/12/2016","3","1","1",15.6,242.633896282295
"354",354,"2016","10","12","18",59,51.1,75,30.26,10,"SE",10.4,"Scattered Clouds","140","10/12/2016","3","1","1",15,220.532707989072
"355",355,"2016","10","12","19",57,51.1,81,30.25,10,"SSE",10.4,"Partly Cloudy","160","10/12/2016","3","1","1",13.9,195.308331692559
"356",356,"2016","10","12","20",55.9,48,75,30.27,10,"South",9.2,"Partly Cloudy","180","10/12/2016","3","1","0",13.3,192.734773174658
"357",357,"2016","10","12","21",54,50,86,30.26,10,"South",9.2,"Partly Cloudy","180","10/12/2016","3","1","0",12.2,132.341740994462
"358",358,"2016","10","12","22",53.1,51.1,93,30.25,10,"South",5.8,"Partly Cloudy","180","10/12/2016","3","1","0",11.7,120.603325525704
"359",359,"2016","10","12","23",53.1,51.1,93,30.23,10,"South",6.9,"Partly Cloudy","190","10/12/2016","3","1","0",11.7,127.517135503832
"360",360,"2016","10","13","0",52,51.1,97,30.21,10,"South",6.9,"Partly Cloudy","180","10/13/2016","4","1","0",11.1,112.2218284417
"361",361,"2016","10","13","1",52,51.1,97,30.18,10,"South",6.9,"Partly Cloudy","190","10/13/2016","4","1","0",11.1,121.402460010031
"362",362,"2016","10","13","2",52,51.1,97,30.16,10,"South",5.8,"Scattered Clouds","180","10/13/2016","4","1","0",11.1,117.437044091116
"363",363,"2016","10","13","3",54,52,93,30.15,10,"Calm",0,"Overcast","0","10/13/2016","4","1","0",12.2,115.31306804947
"364",364,"2016","10","13","4",55,53.1,93,30.14,10,"Calm",0,"Overcast","0","10/13/2016","4","1","0",12.8,125.892819895176
"365",365,"2016","10","13","5",55,53.1,93,30.13,10,"ESE",4.6,"Overcast","120","10/13/2016","4","1","0",12.8,144.037561324445
"366",366,"2016","10","13","6",55,53.1,93,30.13,10,"South",3.5,"Overcast","170","10/13/2016","4","1","0",12.8,218.978190345881
"367",367,"2016","10","13","7",55.9,54,93,30.12,10,"South",4.6,"Overcast","170","10/13/2016","4","1","1",13.3,275.869861047757
"368",368,"2016","10","13","7",55.9,54,93,30.12,10,"South",6.9,"Mostly Cloudy","170","10/13/2016","4","1","1",13.3,272.805222307457
"369",369,"2016","10","13","8",57.9,55,90,30.11,10,"South",5.8,"Scattered Clouds","170","10/13/2016","4","1","1",14.4,300.679172328316
"370",370,"2016","10","13","9",63,57.9,84,30.09,10,"South",8.1,"Mostly Cloudy","180","10/13/2016","4","1","1",17.2,306.076912635159
"371",371,"2016","10","13","10",64.9,57.9,78,30.06,10,"SW",8.1,"Mostly Cloudy","220","10/13/2016","4","1","1",18.3,310.998896293558
"372",372,"2016","10","13","11",64.9,57,75,30.06,10,"SW",10.4,"Mostly Cloudy","230","10/13/2016","4","1","1",18.3,319.300261720644
"373",373,"2016","10","13","11",68,55.9,65,30.04,10,"SSW",13.8,"Mostly Cloudy","210","10/13/2016","4","1","1",20,319.630745224964
"374",374,"2016","10","13","12",69.1,55,61,30.01,10,"SSW",16.1,"Mostly Cloudy","210","10/13/2016","4","1","1",20.6,323.846838693549
"375",375,"2016","10","13","13",71.1,55,57,29.98,10,"SSW",12.7,"Mostly Cloudy","200","10/13/2016","4","1","1",21.7,315.55412994671
"376",376,"2016","10","13","14",71.1,53.1,53,29.96,10,"SW",13.8,"Mostly Cloudy","220","10/13/2016","4","1","1",21.7,300.957009273625
"377",377,"2016","10","13","15",70,52,53,29.96,10,"SW",12.7,"Mostly Cloudy","230","10/13/2016","4","1","1",21.1,283.897674340781
"378",378,"2016","10","13","16",69.1,51.1,53,29.96,10,"WSW",12.7,"Mostly Cloudy","240","10/13/2016","4","1","1",20.6,278.518048629119
"379",379,"2016","10","13","17",68,52,56,29.97,10,"WSW",12.7,"Light Rain","240","10/13/2016","4","1","1",20,250.265676078455
"380",380,"2016","10","13","18",64.9,55.9,73,29.99,10,"West",11.5,"Light Rain","270","10/13/2016","4","1","1",18.3,194.639711259762
"381",381,"2016","10","13","19",64,55.9,75,30.01,10,"WNW",11.5,"Overcast","290","10/13/2016","4","1","1",17.8,195.819549468675
"382",382,"2016","10","13","20",63,55,75,30.03,10,"West",10.4,"Partly Cloudy","280","10/13/2016","4","1","0",17.2,188.550842357297
"383",383,"2016","10","13","21",61,53.1,75,30.05,10,"WNW",11.5,"Partly Cloudy","290","10/13/2016","4","1","0",16.1,141.476710119677
"384",384,"2016","10","13","22",60.1,52,75,30.07,10,"WNW",12.7,"Partly Cloudy","290","10/13/2016","4","1","0",15.6,133.851347408617
"385",385,"2016","10","13","23",57.9,50,75,30.09,10,"NW",13.8,"Partly Cloudy","310","10/13/2016","4","1","0",14.4,125.545369476147
"386",386,"2016","10","14","0",55,45,69,30.11,10,"NNW",16.1,"Clear","340","10/14/2016","5","1","0",12.8,126.413536897935
"387",387,"2016","10","14","1",52,39,61,30.14,10,"NW",20.7,"Clear","320","10/14/2016","5","1","0",11.1,114.019678451963
"388",388,"2016","10","14","2",50,37,61,30.14,10,"NW",16.1,"Clear","320","10/14/2016","5","1","0",10,113.067526904847
"389",389,"2016","10","14","3",48.9,37,64,30.17,10,"NNW",15,"Clear","330","10/14/2016","5","1","0",9.4,112.897416827482
"390",390,"2016","10","14","4",48,36,63,30.19,10,"NNW",13.8,"Clear","330","10/14/2016","5","1","0",8.9,121.627479834944
"391",391,"2016","10","14","5",46.9,34,61,30.22,10,"NW",15,"Clear","320","10/14/2016","5","1","0",8.3,124.927031792052
"392",392,"2016","10","14","6",46,33.1,61,30.25,10,"NNW",10.4,"Partly Cloudy","330","10/14/2016","5","1","0",7.8,217.251968708783
"393",393,"2016","10","14","7",46.9,33.1,59,30.29,10,"NNW",13.8,"Partly Cloudy","330","10/14/2016","5","1","1",8.3,274.503774321451
"394",394,"2016","10","14","8",48,33.1,56,30.3,10,"NNW",11.5,"Partly Cloudy","330","10/14/2016","5","1","1",8.9,291.771740453775
"395",395,"2016","10","14","9",50,33.1,52,30.32,10,"North",12.7,"Partly Cloudy","350","10/14/2016","5","1","1",10,312.078946126176
"396",396,"2016","10","14","10",52,33.1,49,30.33,10,"North",9.2,"Partly Cloudy","360","10/14/2016","5","1","1",11.1,313.441544717123
"397",397,"2016","10","14","11",55,34,45,30.33,10,"North",9.2,"Partly Cloudy","360","10/14/2016","5","1","1",12.8,316.194936524331
"398",398,"2016","10","14","12",55.9,33.1,42,30.31,10,"NW",6.9,"Partly Cloudy","320","10/14/2016","5","1","1",13.3,306.751111239199
"399",399,"2016","10","14","13",57.9,33.1,39,30.3,10,"WNW",8.1,"Partly Cloudy","300","10/14/2016","5","1","1",14.4,301.813165363333
"400",400,"2016","10","14","14",59,32,36,30.3,10,"North",6.9,"Partly Cloudy","360","10/14/2016","5","1","1",15,294.829208820638
"401",401,"2016","10","14","15",59,30.9,35,30.3,10,"NW",8.1,"Partly Cloudy","320","10/14/2016","5","1","1",15,257.480077650322
"402",402,"2016","10","14","16",55,39.9,57,30.31,10,"East",9.2,"Clear","80","10/14/2016","5","1","1",12.8,274.859390975053
"403",403,"2016","10","14","17",53.1,39,59,30.32,10,"ENE",5.8,"Partly Cloudy","70","10/14/2016","5","1","1",11.7,265.677183509954
"404",404,"2016","10","14","18",52,39.9,63,30.34,10,"ENE",3.5,"Partly Cloudy","60","10/14/2016","5","1","1",11.1,222.51747400882
"405",405,"2016","10","14","19",52,41,66,30.35,10,"North",5.8,"Clear","10","10/14/2016","5","1","1",11.1,182.854632734066
"406",406,"2016","10","14","20",53.1,37,55,30.37,10,"North",5.8,"Clear","360","10/14/2016","5","1","0",11.7,186.923896001444
"407",407,"2016","10","14","21",52,34,50,30.39,10,"NNE",6.9,"Clear","20","10/14/2016","5","1","0",11.1,136.568860960732
"408",408,"2016","10","14","22",48.9,33.1,54,30.39,10,"North",4.6,"Clear","350","10/14/2016","5","1","0",9.4,126.931328117914
"409",409,"2016","10","14","23",48,30.9,52,30.39,10,"NNW",9.2,"Clear","330","10/14/2016","5","1","0",8.9,112.872459307804
